{
 "v0016_float32.safetensors": {
  "cpu": {
   "vectors.shape": "torch.Size([13046560, 768])",
   "vectors.dtype": "torch.float32",
   "load_file(break_in=False)": 0.0010844529999758379,
   "break-in scan": 136.4366036980001,
   "score()": 0.8760350453333862,
   "search()": 2.76084326233331,
   "search(target_ids)": 2.72710505166674
  }
 }
}
