{
 "v0016.safetensors": {
  "cpu": {
   "vectors.shape": "torch.Size([13046560, 768])",
   "vectors.dtype": "torch.bfloat16",
   "load_file(break_in=False)": 0.00573148000000856,
   "break-in scan": 97.42449241700001,
   "score()": 0.5309093080000101,
   "search()": 1.2087399073333245,
   "search(target_ids)": 1.3977767073333212
  }
 }
}
