{
 "v0016.safetensors": {
  "cpu": {
   "vectors.shape": "torch.Size([13046560, 768])",
   "vectors.dtype": "torch.bfloat16",
   "load_file(break_in=False)": 0.00877250999997159,
   "break-in scan": 115.21126846900006,
   "score()": 62.14126050366667,
   "search()": 63.02634240366664,
   "search(target_ids)": 63.81805171799996
  }
 }
}
