{
 "v0016_float32.safetensors": {
  "cpu": {
   "vectors.shape": "torch.Size([13046560, 768])",
   "vectors.dtype": "torch.float32",
   "load_file(break_in=False)": 0.002636402000007365,
   "break-in scan": 194.921561353,
   "score()": 0.3557080970000091,
   "search()": 1.8999859316666818,
   "search(target_ids)": 1.6440946486666614
  }
 }
}
