{
 "v0016.safetensors": {
  "cpu": {
   "vectors.shape": "torch.Size([13046560, 768])",
   "vectors.dtype": "torch.bfloat16",
   "load_file(break_in=False)": 0.03470983900000135,
   "break-in scan": 97.43310509500002,
   "score()": 0.1741538279999967,
   "search()": 0.828893684999997,
   "search(target_ids)": 1.0334873303333343
  }
 }
}
