{
 "v0016_float32.safetensors": {
  "cpu": {
   "vectors.shape": "torch.Size([13046560, 768])",
   "vectors.dtype": "torch.float32",
   "load_file(break_in=False)": 0.03619725999999446,
   "break-in scan": 0.45377956599998015,
   "score()": 0.3696062553333377,
   "search()": 1.8778068233333254,
   "search(target_ids)": 1.7426245326666958
  }
 }
}
