{
 "v0016.safetensors": {
  "cpu": {
   "vectors.shape": "torch.Size([13046560, 768])",
   "vectors.dtype": "torch.bfloat16",
   "load_file(break_in=False)": 0.03505747299999484,
   "break-in scan": 45.51619000300002,
   "score()": 0.25914176899999575,
   "search()": 0.9690872963333277,
   "search(target_ids)": 1.1961498450000174
  }
 }
}
