{
 "v0016.safetensors": {
  "cuda:0": {
   "vectors.shape": "torch.Size([13046560, 768])",
   "vectors.dtype": "torch.bfloat16",
   "load_file(break_in=False)": 72.03390038399994,
   "break-in scan": 1.2089523010000676,
   "score()": 0.00025885466664021806,
   "search()": 0.0005459503333516599,
   "search(target_ids)": 0.6958607669999992
  }
 }
}
