{
 "v0016_float32.safetensors": {
  "cpu": {
   "vectors.shape": "torch.Size([13046560, 768])",
   "vectors.dtype": "torch.float32",
   "load_file(break_in=False)": 0.043183263999992505,
   "break-in scan": 194.940782286,
   "score()": 0.5297446596666759,
   "search()": 2.3650561986666694,
   "search(target_ids)": 2.2983777936666647
  }
 }
}
