{
 "v0016_float32.safetensors": {
  "cpu": {
   "vectors.shape": "torch.Size([13046560, 768])",
   "vectors.dtype": "torch.float32",
   "load_file(break_in=False)": 0.03163192300000617,
   "break-in scan": 194.92643586600002,
   "score()": 0.8517741946666509,
   "search()": 2.386483932333325,
   "search(target_ids)": 2.1172934919999875
  }
 }
}
