{
 "v0016_float32.safetensors": {
  "cpu": {
   "vectors.shape": "torch.Size([13046560, 768])",
   "vectors.dtype": "torch.float32",
   "load_file(break_in=False)": 0.04515394099999526,
   "break-in scan": 194.93600570100003,
   "score()": 0.5298829773333485,
   "search()": 2.324627867000004,
   "search(target_ids)": 2.2802677053333205
  }
 }
}
