{
 "v0016_float32.safetensors": {
  "cpu": {
   "vectors.shape": "torch.Size([13046560, 768])",
   "vectors.dtype": "torch.float32",
   "load_file(break_in=False)": 0.03711463599999831,
   "break-in scan": 90.98191973800002,
   "score()": 0.5081048326666746,
   "search()": 1.9670343929999963,
   "search(target_ids)": 1.819852376
  }
 }
}
