{
 "v0016_float32.safetensors": {
  "cpu": {
   "vectors.shape": "torch.Size([13046560, 768])",
   "vectors.dtype": "torch.float32",
   "load_file(break_in=False)": 0.04581689399999789,
   "break-in scan": 90.99201206900001,
   "score()": 0.9232366609999948,
   "search()": 2.4095179239999993,
   "search(target_ids)": 2.25546275133334
  }
 }
}
