{
 "v0016.safetensors": {
  "cpu": {
   "vectors.shape": "torch.Size([13046560, 768])",
   "vectors.dtype": "torch.bfloat16",
   "load_file(break_in=False)": 0.0351305989999986,
   "break-in scan": 97.43235966900001,
   "score()": 1.0719956180000072,
   "search()": 1.8017515263333337,
   "search(target_ids)": 1.994261941999999
  }
 }
}
